example_group,canonical_smiles,inchikey,mces_cluster,cluster_seen_in_train,ecfp4_fine,ecfp4_broad,nearest_train_tanimoto_fp2048,nearest_train_tanimoto_fp128,heavy_atoms,molecular_weight,rings,hetero_atoms,nearest_train_smiles_fp2048,nearest_train_molecule_id_fp2048
hardest_30,FC1CC(F)(F)C(F)(F)C1(F)F,IDBYQQQHBYGLEQ-UHFFFAOYSA-N,398,True,very_hard_<0.40,hard,0.16,0.3888888888888889,12,196.065,1,7,Br[C@]12C[C@H]3C[C@H](C[C@H](C3)C1)C2,VQHPRVYDKRESCL-CHIWXEEVSA-N
hardest_30,O=S1CCCC1,ISXOBTBCNRIIQO-UHFFFAOYSA-N,0,True,very_hard_<0.40,hard,0.1818181818181818,0.375,6,104.174,1,2,C1CCCCCCC1,WJTCGQSWYFHTAC-UHFFFAOYSA-N
hardest_30,CC1(C)OB(c2cncc(F)c2)OC1(C)C,VFMTUTYBMBTIGA-UHFFFAOYSA-N,781,False,very_hard_<0.40,hard,0.2093023255813953,0.3928571428571428,16,223.056,2,5,COC(=O)c1cncc(O)c1,KJJSHOHQQHACLE-UHFFFAOYSA-N
hardest_30,CSC(SC)[Si](C)(C)C,QEPMPXAUMUWNNO-UHFFFAOYSA-N,0,True,very_hard_<0.40,hard,0.2272727272727272,0.3529411764705882,9,180.414,0,3,CSC(C)C(C)=O,HFVLNCDRAMUMCC-UHFFFAOYSA-N
hardest_30,C=C[C@]1(C)CC[C@@H](C(C)(C)O)C[C@H]1C(=C)C,GFJIQNADMLPFOW-VNHYZAJKSA-N,629,False,very_hard_<0.40,hard,0.2285714285714285,0.3414634146341463,16,222.37199999999996,1,1,C=CC(C)(C)O,HNVRRHSXBLFLIG-UHFFFAOYSA-N
hardest_30,C=C1C[C@]23C[C@@]1(O)CC[C@H]2[C@@]12C=C[C@H](O)[C@@](C)(C(=O)O1)[C@H]2[C@@H]3C(=O)O,IXORZMNAPKEEDV-OBDJNFEBSA-N,615,False,very_hard_<0.40,hard,0.2295081967213114,0.3833333333333333,25,346.3790000000001,5,6,CC1(C)OC(=O)CC1C(=O)O,UZBOWOQARWWIER-UHFFFAOYSA-N
hardest_30,[2H]c1nc([2H])c([2H])c([2H])c1[2H],JUJWROOIHBZHMG-RALIUCGRSA-N,696,False,very_hard_<0.40,hard,0.238095238095238,0.2727272727272727,6,84.13250888999997,1,1,[2H]c1c([2H])c([2H])c(C([2H])([2H])[2H])c([2H])c1[2H],YXFVVABEGXRONW-JGUCLWPXSA-N
hardest_30,CC1NC(C)SC(C)S1,FBMVFHKKLDGLJA-UHFFFAOYSA-N,0,True,very_hard_<0.40,hard,0.238095238095238,0.3,9,163.311,1,3,CC1CNCC(C)N1,IFNWESYYDINUHV-UHFFFAOYSA-N
hardest_30,Ic1cn[nH]c1,LLNQWPTUJJYTTE-UHFFFAOYSA-N,0,True,very_hard_<0.40,hard,0.24,0.3703703703703703,6,193.975,1,3,Brc1cnc(I)nc1,ZEZKXPQIDURFKA-UHFFFAOYSA-N
hardest_30,CC(C)N=C=NC(C)C,BDNKZNFMNDZQMI-UHFFFAOYSA-N,0,True,very_hard_<0.40,hard,0.25,0.3076923076923077,9,126.203,0,2,CC(C)C#N,LRDFRRGEGBBSRN-UHFFFAOYSA-N
hardest_30,C[Si](C)(C)N=C(O)N[Si](C)(C)C,MASDFXZJIDNRTR-UHFFFAOYSA-N,30,True,very_hard_<0.40,hard,0.25,0.3636363636363636,12,204.422,0,5,C[Si](C)(C)N[Si](C)(C)C,FFUAGWLWBBFQJT-UHFFFAOYSA-N
hardest_30,OCCN(CCO)c1nc(N2CCCCC2)c2nc(N(CCO)CCO)nc(N3CCCCC3)c2n1,IZEKFCXSFNUWAM-UHFFFAOYSA-N,478,False,very_hard_<0.40,hard,0.2564102564102564,0.4137931034482758,36,504.6360000000004,4,12,OCCN(CCO)c1ccccc1,OJPDDQSCZGTACX-UHFFFAOYSA-N
hardest_30,ClCCCCc1nnnn1C1CCCCC1,INTQSGGUSUSCTJ-UHFFFAOYSA-N,255,False,very_hard_<0.40,hard,0.2608695652173913,0.3823529411764705,16,242.75399999999996,2,5,ClCCCCOC1CCCCO1,SZZINZURZKQZLG-UHFFFAOYSA-N
hardest_30,OC1C(Cl)(Cl)CCCC1(Cl)Cl,RORBTKDJFQCFMD-UHFFFAOYSA-N,0,True,very_hard_<0.40,hard,0.2631578947368421,0.3809523809523809,11,237.941,1,5,OC1CCC1,KTHXBEHDVMTNOH-UHFFFAOYSA-N
hardest_30,CN(C)C=S,SKECXRFZFFAANN-UHFFFAOYSA-N,0,True,very_hard_<0.40,hard,0.2666666666666666,0.3076923076923077,5,89.163,0,2,CN(C)C(=S)N(C)C,MNOILHPDHOHILI-UHFFFAOYSA-N
hardest_30,CC(C)C1OC(C(C)C)OC(C(C)C)O1,XYIANCZIPATGDH-UHFFFAOYSA-N,0,True,very_hard_<0.40,hard,0.2666666666666666,0.3684210526315789,15,216.32099999999997,1,3,CC1OC(C)OC(C)O1,SQYNKIJPMDEDEG-UHFFFAOYSA-N
hardest_30,C[SiH](C)Cl,YGHUUVGIRWMJGE-UHFFFAOYSA-N,0,True,very_hard_<0.40,hard,0.2727272727272727,0.3333333333333333,4,94.617,0,2,C[SiH](C)O[SiH](C)C,NVYQDQZEMGUESH-UHFFFAOYSA-N
hardest_30,O=C(O)C1=C[C@@H](O)[C@@H](O)[C@H](O)C1,JXOHGGNKMLTUBP-HSUXUTPPSA-N,0,True,very_hard_<0.40,hard,0.2727272727272727,0.4,12,174.152,1,5,O=C(O)[C@]1(O)C[C@@H](O)[C@@H](O)[C@H](O)C1,AAWZDTNXLSGCEK-WYWMIBKRSA-N
hardest_30,C=CC(F)(F)C(F)(F)Br,GVCWGFZDSIWLMO-UHFFFAOYSA-N,0,True,very_hard_<0.40,hard,0.2777777777777778,0.3888888888888889,9,206.964,0,5,C=CC(C)(C)C,PKXHXOTZMFCXSH-UHFFFAOYSA-N
hardest_30,C[C@]12CC[C@H]([C@H](Br)C1=O)[C@@]2(C)CS(=O)(=O)O,MFEDKMBNKNOUPA-GOZTYBTRSA-N,305,False,very_hard_<0.40,hard,0.2790697674418604,0.4347826086956521,16,311.197,2,6,CC1(C)[C@@H]2CC[C@@]1(C)C(=O)C2,DSSYKIVIOFKYAU-XCBNKYQSSA-N
hardest_30,CSc1nc(OC(F)F)cc(OC(F)F)n1,HURDQHYOXAOOJJ-UHFFFAOYSA-N,724,False,very_hard_<0.40,hard,0.28125,0.4117647058823529,16,258.19599999999997,1,9,COc1cc(OC)nc(OC)n1,RJVAFLZWVUIBOU-UHFFFAOYSA-N
hardest_30,O=C1C=CC(=[N+]([O-])O)C(C=[OH+])=C1,HBKWWQVXJWYGJZ-UHFFFAOYSA-O,194,True,very_hard_<0.40,hard,0.282051282051282,0.3636363636363636,12,168.128,1,5,CC1=C[N+](=O)C=CC1=[N+]([O-])O,GWMICEBXIHKOGL-UHFFFAOYSA-N
hardest_30,CC1=C2[C@H]3OC(=O)[C@@H](C)[C@@H]3CC[C@@]2(C)C=CC1=O,XJHDMGJURBVLLE-BOCCBSBMSA-N,845,False,very_hard_<0.40,hard,0.282051282051282,0.375,18,246.30599999999995,3,3,CC1OC(=O)C(C)OC1=O,JJTUDXZGHPGLLC-UHFFFAOYSA-N
hardest_30,O=C(O)Cn1cnnn1,GRWAIJBHBCCLGS-UHFFFAOYSA-N,714,False,very_hard_<0.40,hard,0.2857142857142857,0.3870967741935484,9,128.091,1,6,O=C(O)Cn1cc(I)c(=O)c(I)c1,PVBALTLWZVEAIO-UHFFFAOYSA-N
hardest_30,CN=C(O)O/N=C/C(C)(C)SC,QGLZXHRNAYXIBU-WEVVVXLNSA-N,247,False,very_hard_<0.40,hard,0.2903225806451613,0.375,12,190.26799999999997,0,5,CCOC(O)=NC,SURZCVYFPAXNGN-UHFFFAOYSA-N
hardest_30,O=C1C=CC(O)=N1,PEEHTFAAVSWFBL-UHFFFAOYSA-N,0,True,very_hard_<0.40,hard,0.2916666666666667,0.5,7,97.073,1,3,O=C1N=C(O)CC(O)=N1,HNYOPLTXPVRDBG-UHFFFAOYSA-N
hardest_30,O=c1oc(=O)c2cc3c(=O)oc(=O)c3cc12,ANSXAPJVJOKRDJ-UHFFFAOYSA-N,837,False,very_hard_<0.40,hard,0.2941176470588235,0.4,16,218.11999999999995,3,6,O=c1oc2cc([N+](=O)O)ccc2c2ccccc12,MZALFWUBWRRCSV-UHFFFAOYSA-N
hardest_30,C#CC(C)(C)N=C(O)c1cc(Cl)cc(Cl)c1,PHNUZKMIPFFYSO-UHFFFAOYSA-N,726,False,very_hard_<0.40,hard,0.2941176470588235,0.4482758620689655,16,256.132,1,4,OCc1cc(Cl)cc(Cl)c1,VSNNLLQKDRCKCB-UHFFFAOYSA-N
hardest_30,N=c1[nH]ncs1,QUKGLNCXGVWCJX-UHFFFAOYSA-N,0,True,very_hard_<0.40,hard,0.2962962962962963,0.3461538461538461,6,101.134,1,4,N=c1cccn[nH]1,LETVJWLLIMJADE-UHFFFAOYSA-N
hardest_30,S=C=NC1CCCCC1,MZSJGCPBOVTKHR-UHFFFAOYSA-N,0,True,very_hard_<0.40,hard,0.3,0.4705882352941176,9,141.239,1,2,C1CCC(C2CCCCC2)CC1,WVIIMZNLDWSIRH-UHFFFAOYSA-N
simplest_30,CCCCCCCCCCCCC(=O)c1ccccc1,ZZNDQCACFUJAKJ-UHFFFAOYSA-N,0,True,near_duplicate_>=0.95,simple,1.0,1.0,20,274.448,1,1,CCCCCCCCCCCCCCCCC(=O)c1ccccc1,VUXIOSYYRVXOOT-UHFFFAOYSA-N
simplest_30,OC1CCCCCC1,QCRFMSUKWRQZEM-UHFFFAOYSA-N,0,True,near_duplicate_>=0.95,simple,1.0,1.0,8,114.188,1,1,OC1CCCCCCC1,FHADSMKORVFYOS-UHFFFAOYSA-N
simplest_30,CCCCCCCc1ccc(-c2ccc(C#N)cc2)cc1,ZGOWXOZNUNZPAV-UHFFFAOYSA-N,0,True,near_duplicate_>=0.95,simple,1.0,1.0,21,277.411,2,1,CCCCCCCCc1ccc(-c2ccc(C#N)cc2)cc1,CSQPODPWWMOTIY-UHFFFAOYSA-N
simplest_30,CCCCCCCCCCCCCCC(Br)C(=O)O,DPRAYRYQQAXQPE-UHFFFAOYSA-N,0,True,near_duplicate_>=0.95,simple,1.0,1.0,19,335.326,0,3,CCCCCCC(Br)C(=O)O,GTGTXZRPJHDASG-UHFFFAOYSA-N
simplest_30,CCCCCCO,ZSIAUFGUXNUGDI-UHFFFAOYSA-N,0,True,near_duplicate_>=0.95,simple,1.0,1.0,7,102.177,0,1,CCCCCCCCCCCCCCCCCCCCCCCO,FPLNRAYTBIFSFW-UHFFFAOYSA-N
simplest_30,CCCCCCC1CCCCC1,QHWAQXOSHHKCFK-UHFFFAOYSA-N,0,True,near_duplicate_>=0.95,simple,1.0,1.0,12,168.32399999999996,1,0,CCCCCCCCCCCC1CCCCC1,XQQVOBPJWHQXEN-UHFFFAOYSA-N
simplest_30,CCCCCCCCCC(=O)OCCC(C)C,XDOGFYDZGUDBQY-UHFFFAOYSA-N,0,True,near_duplicate_>=0.95,simple,1.0,1.0,17,242.40299999999996,0,2,CCCCCCCCCCCC(=O)OCCC(C)C,FVKRIDSRWFEQME-UHFFFAOYSA-N
simplest_30,CCCCCCCC(=O)O,WWZKQHOCKIZLMA-UHFFFAOYSA-N,0,True,near_duplicate_>=0.95,simple,1.0,1.0,10,144.214,0,2,CCCCCCCCCCCCCCCCCC(=O)O,QIQXTHQIDYTFRH-UHFFFAOYSA-N
simplest_30,OCCCCCCBr,FCMCSZXRVWDVAW-UHFFFAOYSA-N,0,True,near_duplicate_>=0.95,simple,1.0,1.0,8,181.073,0,2,OCCCCCCCCCCCBr,XFGANBYCJWQYBI-UHFFFAOYSA-N
simplest_30,CCCCCCCCCC(=O)OC(=O)CCCCCCCCC,HTWWKYKIBSHDPC-UHFFFAOYSA-N,0,True,near_duplicate_>=0.95,simple,1.0,1.0,23,326.52100000000013,0,3,CCCCCCCCCCCCCC(=O)OC(=O)CCCCCCCCCCCCC,RCRYHUPTBJZEQS-UHFFFAOYSA-N
simplest_30,CCCCCCCCCC(=O)OCCCCC,BGYFCELTJPRWBA-UHFFFAOYSA-N,0,True,near_duplicate_>=0.95,simple,1.0,1.0,17,242.4029999999999,0,2,CCCCCCCCOC(=O)CCCCCCCC(=O)OCCCCCCCC,XWVQUJDBOICHGH-UHFFFAOYSA-N
simplest_30,CCCCCCCC(=O)OC(C)C,WCGIIHOFOFCKSM-UHFFFAOYSA-N,0,True,near_duplicate_>=0.95,simple,1.0,1.0,13,186.295,0,2,CCCCCCCCCCCCCC(=O)OC(C)C,AXISYYRBXTVTFY-UHFFFAOYSA-N
simplest_30,CC(=O)OCCCCCOC(C)=O,PIJBVCVBCQOWMM-UHFFFAOYSA-N,0,True,near_duplicate_>=0.95,simple,1.0,1.0,13,188.223,0,4,CC(=O)OCCCCCCCOC(C)=O,MABSJAOVZMJMDT-UHFFFAOYSA-N
simplest_30,CCCCCCCCCCCN,QFKMMXYLAPZKIB-UHFFFAOYSA-N,0,True,near_duplicate_>=0.95,simple,1.0,1.0,12,171.32799999999995,0,1,CCCCCCCCCCCCCCN,PLZVEHJLHYMBBY-UHFFFAOYSA-N
simplest_30,C=CCCCCCCCC=C,VOSLXTGMYNYCPW-UHFFFAOYSA-N,0,True,near_duplicate_>=0.95,simple,1.0,1.0,11,152.281,0,0,C=CCCCCCC=C,VJHGSLHHMIELQD-UHFFFAOYSA-N
simplest_30,NCCCCCO,LQGKDMHENBFVRC-UHFFFAOYSA-N,0,True,near_duplicate_>=0.95,simple,1.0,1.0,7,103.165,0,2,NCCCCCCO,SUTWPJHCRAITLU-UHFFFAOYSA-N
simplest_30,CCCCCCCCCCCCCCC,YCOZIPAWZNQLMR-UHFFFAOYSA-N,0,True,near_duplicate_>=0.95,simple,1.0,1.0,15,212.4209999999999,0,0,CCCCCCCCCCCCCCCC,DCAYPVUWAIABOU-UHFFFAOYSA-N
simplest_30,CCCCCCOC(=O)CCC,XAPCMTMQBXLDBB-UHFFFAOYSA-N,0,True,near_duplicate_>=0.95,simple,1.0,1.0,12,172.26799999999997,0,2,CCCCCCCCCCCOC(=O)CCC,DPMDQRRFSVRUMR-UHFFFAOYSA-N
simplest_30,OCCCCCCl,DCBJCKDOZLTTDW-UHFFFAOYSA-N,0,True,near_duplicate_>=0.95,simple,1.0,1.0,7,122.595,0,2,OCCCCCCCl,JNTPTNNCGDAGEJ-UHFFFAOYSA-N
simplest_30,C#CCCCCCCCCCCCC,DZEFNRWGWQDGTR-UHFFFAOYSA-N,0,True,near_duplicate_>=0.95,simple,1.0,1.0,14,194.36199999999997,0,0,C#CCCCCCCCCC,YVSFLVNWJIEJRV-UHFFFAOYSA-N
simplest_30,C=CCCCCCCCCO,QGFSQVPRCWJZQK-UHFFFAOYSA-N,0,True,near_duplicate_>=0.95,simple,1.0,1.0,11,156.269,0,1,C=CCCCCCCCCCO,GIEMHYCMBGELGY-UHFFFAOYSA-N
simplest_30,CCC/C=C/CCC,IRUCBBFNLDIMIK-BQYQJAHWSA-N,0,True,near_duplicate_>=0.95,simple,1.0,1.0,8,112.216,0,0,CCC/C=C\CCC,IRUCBBFNLDIMIK-FPLPWBNLSA-N
simplest_30,CCCCCCCCCCCCCCCCCCCCCC(=O)OC(=O)CCCCCCCCCCCCCCCCCCCCC,IJVLPVWXJLKHID-UHFFFAOYSA-N,0,True,near_duplicate_>=0.95,simple,1.0,1.0,47,663.1689999999999,0,3,CCCCCCCCCCCCCC(=O)OC(=O)CCCCCCCCCCCCC,RCRYHUPTBJZEQS-UHFFFAOYSA-N
simplest_30,CCCCCCCCCCCCCCCO,REIUXOLGHVXAEO-UHFFFAOYSA-N,0,True,near_duplicate_>=0.95,simple,1.0,1.0,16,228.41999999999993,0,1,CCCCCCCCCCCCCCCCCCCCCCCO,FPLNRAYTBIFSFW-UHFFFAOYSA-N
simplest_30,ClCCCCCCl,LBKDGROORAKTLC-UHFFFAOYSA-N,0,True,near_duplicate_>=0.95,simple,1.0,1.0,7,141.041,0,2,ClCCCCCCCl,OVISMSJCKCDOPU-UHFFFAOYSA-N
simplest_30,CCCCCCCc1ccc(C#N)cc1,XTIKBCXMOYZUMG-UHFFFAOYSA-N,0,True,near_duplicate_>=0.95,simple,1.0,1.0,15,201.313,1,1,CCCCCCc1ccc(C#N)cc1,QLSILVVVEOHLOG-UHFFFAOYSA-N
simplest_30,N#CCCCCCCC#N,BTNXBLUGMAMSSH-UHFFFAOYSA-N,0,True,near_duplicate_>=0.95,simple,1.0,1.0,10,136.198,0,2,N#CCCCCCC#N,LLEVMYXEJUDBTA-UHFFFAOYSA-N
simplest_30,CCCCCCCC(=O)CC,XJLDYKIEURAVBW-UHFFFAOYSA-N,0,True,near_duplicate_>=0.95,simple,1.0,1.0,11,156.26899999999998,0,1,CCCCCCC(=O)CC,IYTXKIXETAELAV-UHFFFAOYSA-N
simplest_30,OCCCCCO,ALQSHHUCVQOPAS-UHFFFAOYSA-N,0,True,near_duplicate_>=0.95,simple,1.0,1.0,7,104.149,0,2,OCCCCCCCCO,OEIJHBUUFURJLI-UHFFFAOYSA-N
simplest_30,C(=C/c1ccc(/C=C/c2ccccc2)cc1)\c1ccccc1,IJAAWBHHXIWAHM-PHEQNACWSA-N,461,True,near_duplicate_>=0.95,simple,1.0,1.0,22,282.386,3,0,C(=C\c1ccc(/C=C\c2ccccc2)cc1)\c1ccccc1,IJAAWBHHXIWAHM-XSYHWHKQSA-N
