source_record_id	page_item_index	spectrum_index	title	nucleus	nucleus_metadata	ppm	ppm_min	ppm_max	intensity	area	width_ppm	width_hz	type	flags	annotation	peak_pick_method
acetylsalicylic_acid	3	0		13C	13C	170.098535965	170.084335773	170.112736158	2209.15884808	26598.3114235	0.0284003858122	2.85744088288	Compound	None		GSD_repicked
acetylsalicylic_acid	3	0		13C	13C	169.996357601	169.984093012	170.008622190	1607.64236133	15616.6441802	0.0245291771407	2.46794793735	Compound	None		GSD_repicked
acetylsalicylic_acid	3	0		13C	13C	151.502993241	151.491085726	151.514900757	1743.85562475	16326.1384471	0.0238150310479	2.39609573593	Compound	None		GSD_repicked
acetylsalicylic_acid	3	0		13C	13C	135.166504089	135.151700783	135.181307396	5592.87256944	67878.8665546	0.0296066128918	2.97880270501	Compound	None		GSD_repicked
acetylsalicylic_acid	3	0		13C	13C	132.776180093	132.763762831	132.788597354	5781.36798478	57923.8793121	0.0248345232831	2.49866965206	Compound	None		GSD_repicked
acetylsalicylic_acid	3	0		13C	13C	126.436412632	126.423010789	126.449814475	5761.99640789	62160.1425732	0.0268036866341	2.69679258960	Compound	None		GSD_repicked
acetylsalicylic_acid	3	0		13C	13C	124.266365125	124.253290012	124.279440238	5606.60019070	59224.6117578	0.0261502255851	2.63104607724	Compound	None		GSD_repicked
acetylsalicylic_acid	3	0		13C	13C	122.422947335	122.412071217	122.433823452	1539.19420550	13524.2976499	0.0217522342598	2.18855208091	Compound	None		GSD_repicked
acetylsalicylic_acid	3	0		13C	13C	77.5813794577	77.5626273838	77.6001315315	14498.5197356	223999.825322	0.0375041476330	3.77339538388	Solvent	None		GSD_repicked
acetylsalicylic_acid	3	0		13C	13C	77.4672231381	77.4460752406	77.4883710355	633.051364100	10525.8684330	0.0422957949408	4.25549619068	Compound	None		GSD_repicked
acetylsalicylic_acid	3	0		13C	13C	77.2638418180	77.2456077386	77.2820758973	14888.6642344	230247.103880	0.0364681586710	3.66916168670	Solvent	None		GSD_repicked
acetylsalicylic_acid	3	0		13C	13C	76.9451951768	76.9257517660	76.9646385876	14718.1283944	230794.715249	0.0388868216365	3.91251001603	Solvent	None		GSD_repicked
acetylsalicylic_acid	3	0		13C	13C	21.2817035917	21.2674101344	21.2959970489	3847.82040742	41724.2267273	0.0285869144561	2.87620804246	Compound	None		GSD_repicked
acetylsalicylic_acid	3	0		13C	13C	0.243577866715	0.230855715656	0.256300017774	1580.55604716	15368.1472878	0.0254443021176	2.56002117675	CS_Ref	None		GSD_repicked
acetylsalicylic_acid	4	0		13C	13C	135.176168483	135.154706040	135.197630927	277.235689369	5733.14639223	0.0429248868334	4.31879085522	Compound	None		GSD_repicked
acetylsalicylic_acid	4	0		13C	13C	132.782515351	132.762596290	132.802434411	267.352395326	4863.38117488	0.0398381202718	4.00822278663	Compound	None		GSD_repicked
acetylsalicylic_acid	4	0		13C	13C	126.444993538	126.422330122	126.467656954	260.006377790	6020.28002057	0.0453268317532	4.56045713602	Compound	None		GSD_repicked
acetylsalicylic_acid	4	0		13C	13C	124.268876698	124.250762127	124.286991270	255.359869683	4340.71957033	0.0362291427105	3.64511363392	Compound	None		GSD_repicked
acetylsalicylic_acid	4	0		13C	13C	21.2894820138	21.2713674424	21.3075965851	310.239964625	5259.30247054	0.0362291427105	3.64511363392	Compound	None		GSD_repicked
acetylsalicylic_acid	5	0		13C	13C	135.175460646	135.153921315	135.196999977	367.980606159	7384.74401484	0.0430786613585	4.33426253289	Compound	None		GSD_repicked
acetylsalicylic_acid	5	0		13C	13C	132.782515351	132.760976020	132.804054681	331.759836853	6939.40066314	0.0430786613585	4.33426253289	Compound	None		GSD_repicked
acetylsalicylic_acid	5	0		13C	13C	126.444993538	126.423882440	126.466104636	370.361361103	7533.57683886	0.0422221958390	4.24809118273	Compound	None		GSD_repicked
acetylsalicylic_acid	5	0		13C	13C	124.272109827	124.250757611	124.293462043	350.154141742	7860.53704495	0.0427044320882	4.29661029733	Compound	None		GSD_repicked
acetylsalicylic_acid	6	0		13C	13C	135.173482541	135.152744851	135.194220232	242.282315799	4841.13100476	0.0414753809885	4.17295208781	Compound	None		GSD_repicked
acetylsalicylic_acid	6	0		13C	13C	132.779870425	132.759456734	132.800284117	220.952420445	4330.76879303	0.0408273831318	4.10775524224	Compound	None		GSD_repicked
acetylsalicylic_acid	6	0		13C	13C	126.440297279	126.421230721	126.459363838	250.581261511	4445.31285849	0.0381331169812	3.83667771889	Compound	None		GSD_repicked
acetylsalicylic_acid	6	0		13C	13C	124.268876698	124.250726951	124.287026446	218.805780811	3766.63261871	0.0362994946754	3.65219193849	Compound	None		GSD_repicked
acetylsalicylic_acid	6	0		13C	13C	21.2883320891	21.2707579161	21.3059062621	298.412588037	5012.26060254	0.0351483459743	3.53637170342	Compound	None		GSD_repicked
